{
"nodes": [
{
"name": "MainClass", 
"label": [ 1, 0, 100], 
"id": 0, 
"show": "true", 
"internalStructure":  [ 122, 2, 52, 207, 46, 136, 107, 69, 138, 24, 97, 87, 40, 226, 205, 232, 117, 13, 110, 180, 104, 31, 63, 81, 131, 254, 247, 75, 102, 127, 152, 244, 201, 22, 57, 241, 34, 125, 92, 144, 19, 229], 
"showInternalStructure": "true"
},
{
"name": "NullDrawingView1", 
"label": [1, 0.07, 100], 
"id": 1, 
"show": "true", 
"internalStructure":  [3], 
"showInternalStructure": "true"
},
{
"name": "JavaDrawApp1", 
"label": [1, 0, 100], 
"id": 2, 
"show": "true", 
"internalStructure":  [ 17, 255, 8, 5, 1, 18, 16, 262, 15], 
"showInternalStructure": "true"
},
{
"name": "StandardDrawing1", 
"label": [1, 0.07, 100], 
"id": 3, 
"show": "true", 
"internalStructure":  [ 4], 
"showInternalStructure": "true"
},
{
"name": "QuadTree1", 
"label": [1, 13.57, 100], 
"id": 4, 
"show": "true", 
"internalStructure":  [258 ], 
"showInternalStructure": "true"
},
{
"name": "FigureEnumerator1", 
"label": [1, 54.04, 72.98], 
"id": 258, 
"show": "true", 
"internalStructure":  [261], 
"showInternalStructure": "true"
},
{
"name": "FigureEnumerator3", 
"label": [1, 54.04, 72.98], 
"id": 261, 
"show": "true", 
"internalStructure":  [ ], 
"showInternalStructure": "true"
},
{
"name": "ZoomDrawingView1", 
"label": [0, 0, 0], 
"id": 5, 
"show": "true", 
"internalStructure":  [ 6], 
"showInternalStructure": "true"
},
{
"name": "StandardDrawing2", 
"label": [ 0, 0, 0], 
"id": 6, 
"show": "true", 
"internalStructure":  [ 7], 
"showInternalStructure": "true"
},
{
"name": "QuadTree2", 
"label": [1, 13.57, 100], 
"id": 7, 
"show": "true", 
"internalStructure":  [ 259], 
"showInternalStructure": "true"
},
{
"name": "FigureEnumerator2", 
"label": [1, 54.04, 72.98], 
"id": 259, 
"show": "true", 
"internalStructure":  [ ], 
"showInternalStructure": "true"
},
{
"name": "FigureEnumerator4", 
"label": [1, 54.04, 72.98], 
"id": 259, 
"show": "true", 
"internalStructure":  [260], 
"showInternalStructure": "true"
},
{
"name": "StandardDrawingView1", 
"label": [1, 24.31, 100], 
"id": 8, 
"show": "true", 
"internalStructure":  [ 9, 12, 11, 10, 257, 264, 269, 270], 
"showInternalStructure": "true"
},
{
"name": "SimpleUpdateStrategy1", 
"label": [0.33, 55.34, 100], 
"id": 9, 
"show": "true", 
"internalStructure":  [ ], 
"showInternalStructure": "true"
},
{
"name": "DrawingViewMouseListener2", 
"label": [1, 24.31, 100], 
"id": 10, 
"show": "true", 
"internalStructure":  [ ], 
"showInternalStructure": "true"
},
{
"name": "DrawingViewMouseMotionListener2", 
"label": [1, 24.31, 100], 
"id": 11, 
"show": "true", 
"internalStructure":  [ ], 
"showInternalStructure": "true"
},
{
"name": "DrawingViewKeyListener2", 
"label": [1, 24.31, 100], 
"id": 12, 
"show": "true", 
"internalStructure":  [ ], 
"showInternalStructure": "true"
},
{
"name": "UndoableCommand1", 
"label": [1, 24.31, 100], 
"id": 13, 
"show": "true", 
"internalStructure":  [ 14], 
"showInternalStructure": "true"
},
{
"name": "DeleteCommand1", 
"label": [1, 24.31, 100], 
"id": 14, 
"show": "true", 
"internalStructure":  [ ], 
"showInternalStructure": "true"
},
{
"name": "StandardVersionControlStrategy1", 
"label": [1, 0.01, 13.42], 
"id": 15, 
"show": "true", 
"internalStructure":  [], 
"showInternalStructure": "true"
},
{
"name": "UndoManager1", 
"label": [1, 0.09, 100], 
"id": 16, 
"show": "true", 
"internalStructure":  [ ], 
"showInternalStructure": "true"
},
{
"name": "Iconkit1", 
"label": [1, 0.01, 100], 
"id": 17, 
"show": "true", 
"internalStructure":  [ ], 
"showInternalStructure": "true"
},
{
"name": "NullTool1", 
"label": [1, 0.07, 100], 
"id": 18, 
"show": "true", 
"internalStructure":  [ ], 
"showInternalStructure": "true"
},
{
"name": "ToolButton1", 
"label": [1, 0.17, 100], 
"id": 19, 
"show": "true", 
"internalStructure":  [ 20, 21], 
"showInternalStructure": "true"
},
{
"name": "DragNDropTool1", 
"label": [1, 0.12, 100], 
"id": 20, 
"show": "true", 
"internalStructure":  [ 267], 
"showInternalStructure": "true"
},
{
"name": "PaletteIcon1", 
"label": [1, 0.17, 100], 
"id": 21, 
"show": "true", 
"internalStructure":  [ ], 
"showInternalStructure": "true"
},
{
"name": "ToolButton3", 
"label": [1, 0.17, 100], 
"id": 22, 
"show": "true", 
"internalStructure":  [ 26, 23, 28], 
"showInternalStructure": "true"
},
{
"name": "ZoomTool1", 
"label": [1, 0.13, 100], 
"id": 23, 
"show": "true", 
"internalStructure":  [ ], 
"showInternalStructure": "true"
},
{
"name": "ToolButton2", 
"label": [1, 0.17, 100], 
"id": 24, 
"show": "true", 
"internalStructure":  [ 25], 
"showInternalStructure": "true"
},
{
"name": "PaletteIcon2", 
"label": [1, 0.17, 100], 
"id": 25, 
"show": "true", 
"internalStructure":  [ ], 
"showInternalStructure": "true"
},
{
"name": "UndoableTool1", 
"label": [1, 0.13, 100], 
"id": 26, 
"show": "true", 
"internalStructure":  [ 27], 
"showInternalStructure": "true"
},
{
"name": "TextTool1", 
"label": [1, 0.13, 100], 
"id": 27, 
"show": "true", 
"internalStructure":  [ ], 
"showInternalStructure": "true"
},
{
"name": "PaletteIcon3", 
"label": [1, 0.17, 100], 
"id": 28, 
"show": "true", 
"internalStructure":  [ ], 
"showInternalStructure": "true"
},
{
"name": "UndoableTool2", 
"label": [1, 0.14, 100], 
"id": 29, 
"show": "true", 
"internalStructure":  [ 30, 32], 
"showInternalStructure": "true"
},
{
"name": "ConnectedTextTool1", 
"label": [1, 0.14, 100], 
"id": 30, 
"show": "true", 
"internalStructure":  [ ], 
"showInternalStructure": "true"
},
{
"name": "ToolButton4", 
"label": [ 1, 0.17, 100], 
"id": 31, 
"show": "true", 
"internalStructure":  [ 29, 33], 
"showInternalStructure": "true"
},
{
"name": "EventDispatcher3", 
"label": [1, 25.65, 100], 
"id": 32, 
"show": "true", 
"internalStructure":  [ ], 
"showInternalStructure": "true"
},
{
"name": "PaletteIcon4", 
"label": [1, 0.17, 100], 
"id": 33, 
"show": "true", 
"internalStructure":  [ ], 
"showInternalStructure": "true"
},
{
"name": "ToolButton5", 
"label": [ 1, 0.17, 100], 
"id": 34, 
"show": "true", 
"internalStructure":  [ 36, 35], 
"showInternalStructure": "true"
},
{
"name": "URLTool1", 
"label": [1, 0.14, 100], 
"id": 35, 
"show": "true", 
"internalStructure":  [ ], 
"showInternalStructure": "true"
},
{
"name": "PaletteIcon5", 
"label": [1, 0.17, 100], 
"id": 36, 
"show": "true", 
"internalStructure":  [ ], 
"showInternalStructure": "true"
},
{
"name": "CreationTool1", 
"label": [1, 0.15, 100], 
"id": 37, 
"show": "true", 
"internalStructure":  [ 38, 273], 
"showInternalStructure": "true"
},
{
"name": "RectangleFigure1", 
"label": [1, 0.15, 100], 
"id": 38, 
"show": "true", 
"internalStructure":  [ ], 
"showInternalStructure": "true"
},
{
"name": "UndoableTool3", 
"label": [1, 0.15, 100], 
"id": 39, 
"show": "true", 
"internalStructure":  [ 41, 37], 
"showInternalStructure": "true"
},
{
"name": "ToolButton6", 
"label": [1, 0.17, 100 ], 
"id": 40, 
"show": "true", 
"internalStructure":  [ 39, 42], 
"showInternalStructure": "true"
},
{
"name": "EventDispatcher4", 
"label": [1, 25.65, 100], 
"id": 41, 
"show": "true", 
"internalStructure":  [ ], 
"showInternalStructure": "true"
},
{
"name": "PaletteIcon6", 
"label": [1, 0.17, 100], 
"id": 42, 
"show": "true", 
"internalStructure":  [ ], 
"showInternalStructure": "true"
},
{
"name": "CreationTool2", 
"label": [1, 0.15, 100], 
"id": 43, 
"show": "true", 
"internalStructure":  [ 44, 274], 
"showInternalStructure": "true"
},
{
"name": "RoundRectangleFigure1", 
"label": [1, 0.15, 100], 
"id": 44, 
"show": "true", 
"internalStructure":  [ ], 
"showInternalStructure": "true"
},
{
"name": "UndoableTool4", 
"label": [1, 0.15, 100], 
"id": 45, 
"show": "true", 
"internalStructure":  [ 47, 43], 
"showInternalStructure": "true"
},
{
"name": "ToolButton7", 
"label": [ 1, 0.17, 100], 
"id": 46, 
"show": "true", 
"internalStructure":  [ 45, 48], 
"showInternalStructure": "true"
},
{
"name": "EventDispatcher5", 
"label": [1, 25.65, 100], 
"id": 47, 
"show": "true", 
"internalStructure":  [ ], 
"showInternalStructure": "true"
},
{
"name": "PaletteIcon7", 
"label": [1, 0.17, 100], 
"id": 48, 
"show": "true", 
"internalStructure":  [ ], 
"showInternalStructure": "true"
},
{
"name": "CreationTool3", 
"label": [1, 0.16, 100], 
"id": 49, 
"show": "true", 
"internalStructure":  [ 50, 275], 
"showInternalStructure": "true"
},
{
"name": "EllipseFigure1", 
"label": [1, 0.16, 100], 
"id": 50, 
"show": "true", 
"internalStructure":  [ ], 
"showInternalStructure": "true"
},
{
"name": "UndoableTool5", 
"label": [1, 0.16, 100], 
"id": 51, 
"show": "true", 
"internalStructure":  [ 53, 49], 
"showInternalStructure": "true"
},
{
"name": "ToolButton8", 
"label": [1, 0.17, 100 ], 
"id": 52, 
"show": "true", 
"internalStructure":  [ 51, 54], 
"showInternalStructure": "true"
},
{
"name": "EventDispatcher6", 
"label": [1, 25.65, 100], 
"id": 53, 
"show": "true", 
"internalStructure":  [ ], 
"showInternalStructure": "true"
},
{
"name": "PaletteIcon8", 
"label": [1, 0.17, 100], 
"id": 54, 
"show": "true", 
"internalStructure":  [ ], 
"showInternalStructure": "true"
},
{
"name": "UndoableTool6", 
"label": [1, 0.16, 100], 
"id": 55, 
"show": "true", 
"internalStructure":  [ 56, 58], 
"showInternalStructure": "true"
},
{
"name": "PolygonTool1", 
"label": [1, 0.16, 100], 
"id": 56, 
"show": "true", 
"internalStructure":  [ ], 
"showInternalStructure": "true"
},
{
"name": "ToolButton9", 
"label": [1, 0.17, 100 ], 
"id": 57, 
"show": "true", 
"internalStructure":  [ 55, 59], 
"showInternalStructure": "true"
},
{
"name": "EventDispatcher7", 
"label": [1, 25.65, 100], 
"id": 58, 
"show": "true", 
"internalStructure":  [ ], 
"showInternalStructure": "true"
},
{
"name": "PaletteIcon9", 
"label": [1, 0.17, 100], 
"id": 59, 
"show": "true", 
"internalStructure":  [ ], 
"showInternalStructure": "true"
},
{
"name": "CreationTool4", 
"label": [1, 0.17, 100], 
"id": 60, 
"show": "true", 
"internalStructure":  [ 61, 276], 
"showInternalStructure": "true"
},
{
"name": "TriangleFigure1", 
"label": [1, 0.17, 100], 
"id": 61, 
"show": "true", 
"internalStructure":  [ ], 
"showInternalStructure": "true"
},
{
"name": "UndoableTool7", 
"label": [1, 0.17, 100], 
"id": 62, 
"show": "true", 
"internalStructure":  [ 60, 64], 
"showInternalStructure": "true"
},
{
"name": "ToolButton10", 
"label": [ 1, 0.17, 100], 
"id": 63, 
"show": "true", 
"internalStructure":  [ 62, 65], 
"showInternalStructure": "true"
},
{
"name": "EventDispatcher8", 
"label": [1, 25.65, 100], 
"id": 64, 
"show": "true", 
"internalStructure":  [ ], 
"showInternalStructure": "true"
},
{
"name": "PaletteIcon10", 
"label": [1, 0.17, 100], 
"id": 65, 
"show": "true", 
"internalStructure":  [ ], 
"showInternalStructure": "true"
},
{
"name": "CreationTool5", 
"label": [1, 0.17, 100], 
"id": 66, 
"show": "true", 
"internalStructure":  [ 67, 277], 
"showInternalStructure": "true"
},
{
"name": "DiamondFigure1", 
"label": [1, 0.17, 100], 
"id": 67, 
"show": "true", 
"internalStructure":  [ ], 
"showInternalStructure": "true"
},
{
"name": "UndoableTool8", 
"label": [1, 0.17, 100], 
"id": 68, 
"show": "true", 
"internalStructure":  [ 70, 66], 
"showInternalStructure": "true"
},
{
"name": "ToolButton11", 
"label": [1, 0.17, 100 ], 
"id": 69, 
"show": "true", 
"internalStructure":  [ 68, 71], 
"showInternalStructure": "true"
},
{
"name": "EventDispatcher9", 
"label": [1, 25.65, 100], 
"id": 70, 
"show": "true", 
"internalStructure":  [ ], 
"showInternalStructure": "true"
},
{
"name": "PaletteIcon11", 
"label": [1, 0.17, 100], 
"id": 71, 
"show": "true", 
"internalStructure":  [ ], 
"showInternalStructure": "true"
},
{
"name": "CreationTool6", 
"label": [1, 0.17, 100], 
"id": 72, 
"show": "true", 
"internalStructure":  [ 73, 278], 
"showInternalStructure": "true"
},
{
"name": "LineFigure1", 
"label": [1, 0.17, 100], 
"id": 73, 
"show": "true", 
"internalStructure":  [ ], 
"showInternalStructure": "true"
},
{
"name": "UndoableTool9", 
"label": [1, 0.17, 100], 
"id": 74, 
"show": "true", 
"internalStructure":  [ 76, 72], 
"showInternalStructure": "true"
},
{
"name": "ToolButton12", 
"label": [ 1, 0.17, 100], 
"id": 75, 
"show": "true", 
"internalStructure":  [ 77, 74], 
"showInternalStructure": "true"
},
{
"name": "EventDispatcher10", 
"label": [1, 25.65, 100], 
"id": 76, 
"show": "true", 
"internalStructure":  [ ], 
"showInternalStructure": "true"
},
{
"name": "PaletteIcon12", 
"label": [1, 0.17, 100], 
"id": 77, 
"show": "true", 
"internalStructure":  [ ], 
"showInternalStructure": "true"
},
{
"name": "ConnectionTool1", 
"label": [1, 0.18, 100], 
"id": 78, 
"show": "true", 
"internalStructure":  [ 79, 281], 
"showInternalStructure": "true"
},
{
"name": "LineConnection1", 
"label": [1, 0.18, 100], 
"id": 79, 
"show": "true", 
"internalStructure":  [271, 271], 
"showInternalStructure": "true"
},
{
"name": "UndoableTool10", 
"label": [1, 0.18, 100], 
"id": 80, 
"show": "true", 
"internalStructure":  [ 78, 82], 
"showInternalStructure": "true"
},
{
"name": "ToolButton13", 
"label": [ 1, 0.17, 100], 
"id": 81, 
"show": "true", 
"internalStructure":  [ 83, 80], 
"showInternalStructure": "true"
},
{
"name": "EventDispatcher11", 
"label": [1, 25.65, 100], 
"id": 82, 
"show": "true", 
"internalStructure":  [ ], 
"showInternalStructure": "true"
},
{
"name": "PaletteIcon13", 
"label": [1, 0.17, 100], 
"id": 83, 
"show": "true", 
"internalStructure":  [ ], 
"showInternalStructure": "true"
},
{
"name": "ConnectionTool2", 
"label": [1, 0.18, 100], 
"id": 84, 
"show": "true", 
"internalStructure":  [ 85, 282], 
"showInternalStructure": "true"
},
{
"name": "ElbowConnection1", 
"label": [1, 0.18, 100], 
"id": 85, 
"show": "true", 
"internalStructure":  [ ], 
"showInternalStructure": "true"
},
{
"name": "UndoableTool11", 
"label": [1, 0.18, 100], 
"id": 86, 
"show": "true", 
"internalStructure":  [ 88, 84], 
"showInternalStructure": "true"
},
{
"name": "ToolButton14", 
"label": [ 1, 0.17, 100], 
"id": 87, 
"show": "true", 
"internalStructure":  [ 86, 89], 
"showInternalStructure": "true"
},
{
"name": "EventDispatcher12", 
"label": [1, 25.65, 100], 
"id": 88, 
"show": "true", 
"internalStructure":  [ ], 
"showInternalStructure": "true"
},
{
"name": "PaletteIcon14", 
"label": [1, 0.17, 100], 
"id": 89, 
"show": "true", 
"internalStructure":  [ ], 
"showInternalStructure": "true"
},
{
"name": "UndoableTool12", 
"label": [1, 0.18, 100], 
"id": 90, 
"show": "true", 
"internalStructure":  [ 91, 93], 
"showInternalStructure": "true"
},
{
"name": "ScribbleTool1", 
"label": [1, 0.18, 100], 
"id": 91, 
"show": "true", 
"internalStructure":  [ ], 
"showInternalStructure": "true"
},
{
"name": "ToolButton15", 
"label": [ 1, 0.17, 100], 
"id": 92, 
"show": "true", 
"internalStructure":  [ 94, 90], 
"showInternalStructure": "true"
},
{
"name": "EventDispatcher13", 
"label": [1, 25.65, 100], 
"id": 93, 
"show": "true", 
"internalStructure":  [ ], 
"showInternalStructure": "true"
},
{
"name": "PaletteIcon15", 
"label": [1, 0.17, 100], 
"id": 94, 
"show": "true", 
"internalStructure":  [ ], 
"showInternalStructure": "true"
},
{
"name": "UndoableTool13", 
"label": [1, 0.19, 100], 
"id": 95, 
"show": "true", 
"internalStructure":  [ 96, 98], 
"showInternalStructure": "true"
},
{
"name": "BorderTool1", 
"label": [1, 0.19, 100], 
"id": 96, 
"show": "true", 
"internalStructure":  [ ], 
"showInternalStructure": "true"
},
{
"name": "ToolButton16", 
"label": [ 1, 0.17, 100], 
"id": 97, 
"show": "true", 
"internalStructure":  [ 95, 99], 
"showInternalStructure": "true"
},
{
"name": "EventDispatcher14", 
"label": [1, 25.65, 100], 
"id": 98, 
"show": "true", 
"internalStructure":  [ ], 
"showInternalStructure": "true"
},
{
"name": "PaletteIcon16", 
"label": [1, 0.17, 100], 
"id": 99, 
"show": "true", 
"internalStructure":  [ ], 
"showInternalStructure": "true"
},
{
"name": "CreationTool7", 
"label": [1, 0.19, 100], 
"id": 100, 
"show": "true", 
"internalStructure":  [ 101, 279], 
"showInternalStructure": "true"
},
{
"name": "ComponentFigure1", 
"label": [1, 0.19, 100], 
"id": 101, 
"show": "true", 
"internalStructure":  [ ], 
"showInternalStructure": "true"
},
{
"name": "ToolButton17", 
"label": [ 1, 0.17, 100], 
"id": 102, 
"show": "true", 
"internalStructure":  [ 100, 103], 
"showInternalStructure": "true"
},
{
"name": "PaletteIcon17", 
"label": [1, 0.17, 100], 
"id": 103, 
"show": "true", 
"internalStructure":  [ ], 
"showInternalStructure": "true"
},
{
"name": "ToolButton18", 
"label": [ 1, 0.17, 100], 
"id": 104, 
"show": "true", 
"internalStructure":  [ 105, 106], 
"showInternalStructure": "true"
},
{
"name": "TextAreaTool1", 
"label": [1, 0.19, 100], 
"id": 105, 
"show": "true", 
"internalStructure":  [ ], 
"showInternalStructure": "true"
},
{
"name": "PaletteIcon18", 
"label": [1, 0.17, 100], 
"id": 106, 
"show": "true", 
"internalStructure":  [ ], 
"showInternalStructure": "true"
},
{
"name": "ToolButton19", 
"label": [ 1, 0.17, 100], 
"id": 107, 
"show": "true", 
"internalStructure":  [ 109, 108], 
"showInternalStructure": "true"
},
{
"name": "CreationTool8", 
"label": [1, 0.19, 100], 
"id": 108, 
"show": "true", 
"internalStructure":  [280], 
"showInternalStructure": "true"
},
{
"name": "PaletteIcon19", 
"label": [1, 0.17, 100], 
"id": 109, 
"show": "true", 
"internalStructure":  [ ], 
"showInternalStructure": "true"
},
{
"name": "ToolButton20", 
"label": [ 1, 0.17, 100], 
"id": 110, 
"show": "true", 
"internalStructure":  [ 111, 112], 
"showInternalStructure": "true"
},
{
"name": "CompositeFigureCreationTool1", 
"label": [1, 0.2, 100], 
"id": 111, 
"show": "true", 
"internalStructure":  [ ], 
"showInternalStructure": "true"
},
{
"name": "PaletteIcon20", 
"label": [1, 0.17, 100], 
"id": 112, 
"show": "true", 
"internalStructure":  [ ], 
"showInternalStructure": "true"
},
{
"name": "HTMLTextAreaFigure1", 
"label": [1, 0.21, 100], 
"id": 113, 
"show": "true", 
"internalStructure":  [ 114, 115, 116], 
"showInternalStructure": "true"
},
{
"name": "RectangleFigure4", 
"label": [1, 0.20, 100], 
"id": 114, 
"show": "true", 
"internalStructure":  [ ], 
"showInternalStructure": "true"
},
{
"name": "HTMLContentProducer1", 
"label": [1, 0.20, 100], 
"id": 115, 
"show": "true", 
"internalStructure":  [ ], 
"showInternalStructure": "true"
},
{
"name": "ContentProducerRegistry1", 
"label": [1, 0.20, 100], 
"id": 116, 
"show": "true", 
"internalStructure":  [ ], 
"showInternalStructure": "true"
},
{
"name": "ToolButton21", 
"label": [ 1, 0.17, 100], 
"id": 117, 
"show": "true", 
"internalStructure":  [ 118, 119], 
"showInternalStructure": "true"
},
{
"name": "HTMLTextAreaTool1", 
"label": [1, 0.21, 100], 
"id": 118, 
"show": "true", 
"internalStructure":  [113], 
"showInternalStructure": "true"
},
{
"name": "PaletteIcon21", 
"label": [1, 0.17, 100], 
"id": 119, 
"show": "true", 
"internalStructure":  [ ], 
"showInternalStructure": "true"
},
{
"name": "UndoableTool14", 
"label": [1, 0.21, 100], 
"id": 120, 
"show": "true", 
"internalStructure":  [ 123, 121], 
"showInternalStructure": "true"
},
{
"name": "SplitConnectionTool1", 
"label": [1, 0.21, 100], 
"id": 121, 
"show": "true", 
"internalStructure":  [ ], 
"showInternalStructure": "true"
},
{
"name": "ToolButton22", 
"label": [1, 0.17, 100 ], 
"id": 122, 
"show": "true", 
"internalStructure":  [ 120, 124], 
"showInternalStructure": "true"
},
{
"name": "EventDispatcher15", 
"label": [1, 25.65, 100], 
"id": 123, 
"show": "true", 
"internalStructure":  [ ], 
"showInternalStructure": "true"
},
{
"name": "PaletteIcon22", 
"label": [1, 0.17, 100], 
"id": 124, 
"show": "true", 
"internalStructure":  [ ], 
"showInternalStructure": "true"
},
{
"name": "ToolButton23", 
"label": [ 1, 0.17, 100], 
"id": 125, 
"show": "true", 
"internalStructure":  [ 126], 
"showInternalStructure": "true"
},
{
"name": "PaletteIcon23", 
"label": [1, 0.17, 100], 
"id": 126, 
"show": "true", 
"internalStructure":  [ ], 
"showInternalStructure": "true"
},
{
"name": "MDIDesktopPane1", 
"label": [1, 0.22, 100], 
"id": 127, 
"show": "true", 
"internalStructure":  [ 128, 263], 
"showInternalStructure": "true"
},
{
"name": "MDIDesktopManager1", 
"label": [1, 0.22, 100], 
"id": 128, 
"show": "true", 
"internalStructure":  [ ], 
"showInternalStructure": "true"
},
{
"name": "AbstractCommand1", 
"label": [1, 0.48, 100], 
"id": 130, 
"show": "true", 
"internalStructure":  [ ], 
"showInternalStructure": "true"
},
{
"name": "CommandMenu15", 
"label": [ 1, 0.48, 100], 
"id": 131, 
"show": "true", 
"internalStructure":  [ 132, 130], 
"showInternalStructure": "true"
},
{
"name": "AbstractCommand2", 
"label": [1, 0.48, 100 ], 
"id": 132, 
"show": "true", 
"internalStructure":  [ ], 
"showInternalStructure": "true"
},
{
"name": "UndoableCommand2", 
"label": [ 1, 0.48, 100], 
"id": 133, 
"show": "true", 
"internalStructure":  [ 135, 134], 
"showInternalStructure": "true"
},
{
"name": "InsertImageCommand1", 
"label": [ 1, 0.48, 100], 
"id": 134, 
"show": "true", 
"internalStructure":  [ ], 
"showInternalStructure": "true"
},
{
"name": "EventDispatcher16", 
"label": [1, 0.59, 100], 
"id": 135, 
"show": "true", 
"internalStructure":  [ ], 
"showInternalStructure": "true"
},
{
"name": "CommandMenu13", 
"label": [1, 0.48, 100 ], 
"id": 136, 
"show": "true", 
"internalStructure":  [133], 
"showInternalStructure": "true"
},
{
"name": "AbstractCommand3", 
"label": [ 1, 0.48, 100], 
"id": 137, 
"show": "true", 
"internalStructure":  [ ], 
"showInternalStructure": "true"
},
{
"name": "CommandMenu14", 
"label": [ 1, 0.48, 100], 
"id": 138, 
"show": "true", 
"internalStructure":  [ 137, 139, 141], 
"showInternalStructure": "true"
},
{
"name": "AbstractCommand4", 
"label": [1, 0.48, 100 ], 
"id": 139, 
"show": "true", 
"internalStructure":  [ ], 
"showInternalStructure": "true"
},
{
"name": "AbstractCommand5", 
"label": [1, 0.48, 100], 
"id": 140, 
"show": "true", 
"internalStructure":  [ ], 
"showInternalStructure": "true"
},
{
"name": "WindowMenu1", 
"label": [1, 0.48, 100 ], 
"id": 141, 
"show": "true", 
"internalStructure":  [ 140, 142], 
"showInternalStructure": "true"
},
{
"name": "AbstractCommand6", 
"label": [1, 0.48, 100], 
"id": 142, 
"show": "true", 
"internalStructure":  [ ], 
"showInternalStructure": "true"
},
{
"name": "AbstractCommand7", 
"label": [1, 0.23, 100], 
"id": 143, 
"show": "true", 
"internalStructure":  [ ], 
"showInternalStructure": "true"
},
{
"name": "CommandMenu3", 
"label": [1, 0.22, 100], 
"id": 144, 
"show": "true", 
"internalStructure":  [ 148, 145, 143, 146, 147], 
"showInternalStructure": "true"
},
{
"name": "AbstractCommand8", 
"label": [1, 0.23, 100], 
"id": 145, 
"show": "true", 
"internalStructure":  [ ], 
"showInternalStructure": "true"
},
{
"name": "AbstractCommand9", 
"label": [1, 0.23, 100], 
"id": 146, 
"show": "true", 
"internalStructure":  [ ], 
"showInternalStructure": "true"
},
{
"name": "AbstractCommand10", 
"label": [1, 0.23, 100], 
"id": 147, 
"show": "true", 
"internalStructure":  [ ], 
"showInternalStructure": "true"
},
{
"name": "AbstractCommand11", 
"label": [1, 0.23, 100], 
"id": 148, 
"show": "true", 
"internalStructure":  [ ], 
"showInternalStructure": "true"
},
{
"name": "UndoableCommand3", 
"label": [ 1, 0.23, 100], 
"id": 149, 
"show": "true", 
"internalStructure":  [ 150, 151], 
"showInternalStructure": "true"
},
{
"name": "SelectAllCommand1", 
"label": [1, 0.23, 100], 
"id": 150, 
"show": "true", 
"internalStructure":  [ ], 
"showInternalStructure": "true"
},
{
"name": "EventDispatcher17", 
"label": [1, 0.59, 100], 
"id": 151, 
"show": "true", 
"internalStructure":  [ ], 
"showInternalStructure": "true"
},
{
"name": "CommandMenu5", 
"label": [1, 0.23, 100], 
"id": 152, 
"show": "true", 
"internalStructure":  [ 156, 153, 149, 163, 160, 157, 175, 178, 179, 166, 169, 172], 
"showInternalStructure": "true"
},
{
"name": "UndoableCommand4", 
"label": [ 1, 0.23, 100], 
"id": 153, 
"show": "true", 
"internalStructure":  [ 154, 155], 
"showInternalStructure": "true"
},
{
"name": "CutCommand1", 
"label": [1, 0.23, 100], 
"id": 154, 
"show": "true", 
"internalStructure":  [ ], 
"showInternalStructure": "true"
},
{
"name": "EventDispatcher18", 
"label": [1, 0.59, 100], 
"id": 155, 
"show": "true", 
"internalStructure":  [ ], 
"showInternalStructure": "true"
},
{
"name": "CopyCommand1", 
"label": [1, 0.23, 100], 
"id": 156, 
"show": "true", 
"internalStructure":  [ ], 
"showInternalStructure": "true"
},
{
"name": "UndoableCommand5", 
"label": [ 1, 0.23, 100], 
"id": 157, 
"show": "true", 
"internalStructure":  [ 159, 158], 
"showInternalStructure": "true"
},
{
"name": "PasteCommand1", 
"label": [1, 0.24, 100], 
"id": 158, 
"show": "true", 
"internalStructure":  [ ], 
"showInternalStructure": "true"
},
{
"name": "EventDispatcher19", 
"label": [1, 0.59, 100], 
"id": 159, 
"show": "true", 
"internalStructure":  [ ], 
"showInternalStructure": "true"
},
{
"name": "UndoableCommand6", 
"label": [1, 0.23, 100 ], 
"id": 160, 
"show": "true", 
"internalStructure":  [ 162, 161], 
"showInternalStructure": "true"
},
{
"name": "DuplicateCommand1", 
"label": [1, 0.24, 100], 
"id": 161, 
"show": "true", 
"internalStructure":  [ ], 
"showInternalStructure": "true"
},
{
"name": "EventDispatcher20", 
"label": [1, 0.59, 100], 
"id": 162, 
"show": "true", 
"internalStructure":  [ ], 
"showInternalStructure": "true"
},
{
"name": "UndoableCommand7", 
"label": [1, 0.23, 100 ], 
"id": 163, 
"show": "true", 
"internalStructure":  [ 165, 164], 
"showInternalStructure": "true"
},
{
"name": "DeleteCommand2", 
"label": [1, 0.24, 100], 
"id": 164, 
"show": "true", 
"internalStructure":  [ ], 
"showInternalStructure": "true"
},
{
"name": "EventDispatcher21", 
"label": [1, 0.59, 100], 
"id": 165, 
"show": "true", 
"internalStructure":  [ ], 
"showInternalStructure": "true"
},
{
"name": "UndoableCommand8", 
"label": [ 1, 0.23, 100], 
"id": 166, 
"show": "true", 
"internalStructure":  [ 168, 167], 
"showInternalStructure": "true"
},
{
"name": "GroupCommand1", 
"label": [1, 0.24, 100], 
"id": 167, 
"show": "true", 
"internalStructure":  [ ], 
"showInternalStructure": "true"
},
{
"name": "EventDispatcher22", 
"label": [1, 0.59, 100], 
"id": 168, 
"show": "true", 
"internalStructure":  [ ], 
"showInternalStructure": "true"
},
{
"name": "UndoableCommand9", 
"label": [1, 0.23, 100 ], 
"id": 169, 
"show": "true", 
"internalStructure":  [ 171, 170], 
"showInternalStructure": "true"
},
{
"name": "UngroupCommand1", 
"label": [1, 0.23, 100], 
"id": 170, 
"show": "true", 
"internalStructure":  [ ], 
"showInternalStructure": "true"
},
{
"name": "EventDispatcher23", 
"label": [1, 0.59, 100], 
"id": 171, 
"show": "true", 
"internalStructure":  [ ], 
"showInternalStructure": "true"
},
{
"name": "UndoableCommand10", 
"label": [ 1, 0.23, 100], 
"id": 172, 
"show": "true", 
"internalStructure":  [ 174, 173], 
"showInternalStructure": "true"
},
{
"name": "SendToBackCommand1", 
"label": [1, 0.24, 100], 
"id": 173, 
"show": "true", 
"internalStructure":  [ ], 
"showInternalStructure": "true"
},
{
"name": "EventDispatcher24", 
"label": [1, 0.59, 100], 
"id": 174, 
"show": "true", 
"internalStructure":  [ ], 
"showInternalStructure": "true"
},
{
"name": "UndoableCommand11", 
"label": [ 1, 0.23, 100], 
"id": 175, 
"show": "true", 
"internalStructure":  [ 177, 176], 
"showInternalStructure": "true"
},
{
"name": "BringToFrontCommand1", 
"label": [1, 0.24, 100], 
"id": 176, 
"show": "true", 
"internalStructure":  [ ], 
"showInternalStructure": "true"
},
{
"name": "EventDispatcher25", 
"label": [1, 0.59, 100], 
"id": 177, 
"show": "true", 
"internalStructure":  [ ], 
"showInternalStructure": "true"
},
{
"name": "UndoCommand1", 
"label": [1, 0.24, 100], 
"id": 178, 
"show": "true", 
"internalStructure":  [ ], 
"showInternalStructure": "true"
},
{
"name": "RedoCommand1", 
"label": [1, 0.24, 100], 
"id": 179, 
"show": "true", 
"internalStructure":  [ ], 
"showInternalStructure": "true"
},
{
"name": "CommandMenu10", 
"label": [1, 0.24, 100], 
"id": 180, 
"show": "true", 
"internalStructure":  [ 197, 191, 185, 194, 188, 182, 181], 
"showInternalStructure": "true"
},
{
"name": "ToggleGridCommand1", 
"label": [1, 0.24, 100], 
"id": 181, 
"show": "true", 
"internalStructure":  [ ], 
"showInternalStructure": "true"
},
{
"name": "UndoableCommand12", 
"label": [1, 0.24, 100], 
"id": 182, 
"show": "true", 
"internalStructure":  [ 184, 183], 
"showInternalStructure": "true"
},
{
"name": "AlignCommand1", 
"label": [1, 0.24, 100], 
"id": 183, 
"show": "true", 
"internalStructure":  [ ], 
"showInternalStructure": "true"
},
{
"name": "EventDispatcher26", 
"label": [1, 0.59, 100], 
"id": 184, 
"show": "true", 
"internalStructure":  [ ], 
"showInternalStructure": "true"
},
{
"name": "UndoableCommand13", 
"label": [1, 0.47, 100], 
"id": 185, 
"show": "true", 
"internalStructure":  [ 187, 186], 
"showInternalStructure": "true"
},
{
"name": "AlignCommand2", 
"label": [1, 0.24, 100], 
"id": 186, 
"show": "true", 
"internalStructure":  [ ], 
"showInternalStructure": "true"
},
{
"name": "EventDispatcher27", 
"label": [1, 0.59, 100], 
"id": 187, 
"show": "true", 
"internalStructure":  [ ], 
"showInternalStructure": "true"
},
{
"name": "UndoableCommand14", 
"label": [ 1, 0.24, 100], 
"id": 188, 
"show": "true", 
"internalStructure":  [ 189, 190], 
"showInternalStructure": "true"
},
{
"name": "AlignCommand3", 
"label": [1, 0.24, 100], 
"id": 189, 
"show": "true", 
"internalStructure":  [ ], 
"showInternalStructure": "true"
},
{
"name": "EventDispatcher28", 
"label": [1, 0.59, 100], 
"id": 190, 
"show": "true", 
"internalStructure":  [ ], 
"showInternalStructure": "true"
},
{
"name": "UndoableCommand15", 
"label": [1, 0.23, 100], 
"id": 191, 
"show": "true", 
"internalStructure":  [ 192, 193], 
"showInternalStructure": "true"
},
{
"name": "AlignCommand4", 
"label": [1, 0.24, 100], 
"id": 192, 
"show": "true", 
"internalStructure":  [ ], 
"showInternalStructure": "true"
},
{
"name": "EventDispatcher29", 
"label": [1, 0.59, 100], 
"id": 193, 
"show": "true", 
"internalStructure":  [ ], 
"showInternalStructure": "true"
},
{
"name": "UndoableCommand16", 
"label": [1, 0.23, 100], 
"id": 194, 
"show": "true", 
"internalStructure":  [ 196, 195], 
"showInternalStructure": "true"
},
{
"name": "AlignCommand5", 
"label": [1, 0.24, 100], 
"id": 195, 
"show": "true", 
"internalStructure":  [ ], 
"showInternalStructure": "true"
},
{
"name": "EventDispatcher30", 
"label": [1, 0.59, 100], 
"id": 196, 
"show": "true", 
"internalStructure":  [ ], 
"showInternalStructure": "true"
},
{
"name": "UndoableCommand17", 
"label": [1, 0.24, 100], 
"id": 197, 
"show": "true", 
"internalStructure":  [ 198, 199], 
"showInternalStructure": "true"
},
{
"name": "AlignCommand6", 
"label": [1, 0.24, 100], 
"id": 198, 
"show": "true", 
"internalStructure":  [ ], 
"showInternalStructure": "true"
},
{
"name": "EventDispatcher31", 
"label": [1, 0.59, 100], 
"id": 199, 
"show": "true", 
"internalStructure":  [ ], 
"showInternalStructure": "true"
},
{
"name": "AbstractCommand12", 
"label": [1, 0.47, 100], 
"id": 200, 
"show": "true", 
"internalStructure":  [ ], 
"showInternalStructure": "true"
},
{
"name": "CommandMenu12", 
"label": [1, 0.47, 100], 
"id": 201, 
"show": "true", 
"internalStructure":  [ 200, 202, 203], 
"showInternalStructure": "true"
},
{
"name": "AbstractCommand13", 
"label": [1, 0.47, 100], 
"id": 202, 
"show": "true", 
"internalStructure":  [ ], 
"showInternalStructure": "true"
},
{
"name": "AbstractCommand14", 
"label": [1, 0.47, 100], 
"id": 203, 
"show": "true", 
"internalStructure":  [ ], 
"showInternalStructure": "true"
},
{
"name": "AbstractCommand15", 
"label": [1, 0.47, 100], 
"id": 204, 
"show": "true", 
"internalStructure":  [ ], 
"showInternalStructure": "true"
},
{
"name": "CommandMenu11", 
"label": [1, 0.47, 100], 
"id": 205, 
"show": "true", 
"internalStructure":  [ 206, 204], 
"showInternalStructure": "true"
},
{
"name": "AbstractCommand16", 
"label": [1, 0.47, 100 ], 
"id": 206, 
"show": "true", 
"internalStructure":  [ ], 
"showInternalStructure": "true"
},
{
"name": "FigureAttributeConstant", 
"label": [ 1, 0, 100], 
"id": 207, 
"show": "true", 
"internalStructure":  [ 214, 212, 211, 218, 208, 217, 209, 216, 210, 222, 223, 219, 221, 215, 213, 220], 
"showInternalStructure": "true"
},
{
"name": "FigureAttributeConstant1", 
"label": [ 1, 0.2, 100], 
"id": 208, 
"show": "true", 
"internalStructure":  [ ], 
"showInternalStructure": "true"
},
{
"name": "FigureAttributeConstant2", 
"label": [ 1, 0.2, 100], 
"id": 209, 
"show": "true", 
"internalStructure":  [ ], 
"showInternalStructure": "true"
},
{
"name": "FigureAttributeConstant3", 
"label": [ 1, 0.2, 100], 
"id": 210, 
"show": "true", 
"internalStructure":  [ ], 
"showInternalStructure": "true"
},
{
"name": "FigureAttributeConstant4", 
"label": [ 1, 0.2, 100], 
"id": 211, 
"show": "true", 
"internalStructure":  [ ], 
"showInternalStructure": "true"
},
{
"name": "FigureAttributeConstant5", 
"label": [1, 0.2, 100 ], 
"id": 212, 
"show": "true", 
"internalStructure":  [ ], 
"showInternalStructure": "true"
},
{
"name": "FigureAttributeConstant6", 
"label": [ 1, 0.2, 100], 
"id": 213, 
"show": "true", 
"internalStructure":  [ ], 
"showInternalStructure": "true"
},
{
"name": "FigureAttributeConstant7", 
"label": [ 1, 0.2, 100], 
"id": 214, 
"show": "true", 
"internalStructure":  [ ], 
"showInternalStructure": "true"
},
{
"name": "FigureAttributeConstant8", 
"label": [ 1, 0.2, 100], 
"id": 215, 
"show": "true", 
"internalStructure":  [ ], 
"showInternalStructure": "true"
},
{
"name": "FigureAttributeConstant9", 
"label": [ 1, 0.2, 100], 
"id": 216, 
"show": "true", 
"internalStructure":  [ ], 
"showInternalStructure": "true"
},
{
"name": "FigureAttributeConstant10", 
"label": [1, 0.2, 100 ], 
"id": 217, 
"show": "true", 
"internalStructure":  [ ], 
"showInternalStructure": "true"
},
{
"name": "FigureAttributeConstant11", 
"label": [1, 0.2, 100 ], 
"id": 218, 
"show": "true", 
"internalStructure":  [ ], 
"showInternalStructure": "true"
},
{
"name": "FigureAttributeConstant12", 
"label": [1, 0.2, 100 ], 
"id": 219, 
"show": "true", 
"internalStructure":  [ ], 
"showInternalStructure": "true"
},
{
"name": "FigureAttributeConstant13", 
"label": [1, 0.2, 100 ], 
"id": 220, 
"show": "true", 
"internalStructure":  [ ], 
"showInternalStructure": "true"
},
{
"name": "FigureAttributeConstant14", 
"label": [ 1, 0.2, 100], 
"id": 221, 
"show": "true", 
"internalStructure":  [ ], 
"showInternalStructure": "true"
},
{
"name": "FigureAttributeConstant15", 
"label": [ 1, 0.2, 100], 
"id": 222, 
"show": "true", 
"internalStructure":  [ ], 
"showInternalStructure": "true"
},
{
"name": "FigureAttributeConstant16", 
"label": [1, 0.2, 100], 
"id": 223, 
"show": "true", 
"internalStructure":  [ ], 
"showInternalStructure": "true"
},
{
"name": "UndoableCommand18", 
"label": [1, 0.24, 100], 
"id": 224, 
"show": "true", 
"internalStructure":  [ 225], 
"showInternalStructure": "true"
},
{
"name": "ChangeAttributeCommand1", 
"label": [ 1, 0.33, 100], 
"id": 225, 
"show": "true", 
"internalStructure":  [ ], 
"showInternalStructure": "true"
},
{
"name": "CommandMenu2", 
"label": [1, 0.2, 100 ], 
"id": 226, 
"show": "true", 
"internalStructure":  [ 224], 
"showInternalStructure": "true"
},
{
"name": "UndoableCommand19", 
"label": [1, 0.24, 100], 
"id": 227, 
"show": "true", 
"internalStructure":  [ 228], 
"showInternalStructure": "true"
},
{
"name": "ChangeAttributeCommand2", 
"label": [1, 0.26, 100], 
"id": 228, 
"show": "true", 
"internalStructure":  [ ], 
"showInternalStructure": "true"
},
{
"name": "CommandMenu1", 
"label": [1, 0.2, 100 ], 
"id": 229, 
"show": "true", 
"internalStructure":  [ 227], 
"showInternalStructure": "true"
},
{
"name": "UndoableCommand20", 
"label": [1, 0.24, 100], 
"id": 230, 
"show": "true", 
"internalStructure":  [ 231], 
"showInternalStructure": "true"
},
{
"name": "ChangeAttributeCommand3", 
"label": [1, 0.26, 100], 
"id": 231, 
"show": "true", 
"internalStructure":  [ ], 
"showInternalStructure": "true"
},
{
"name": "CommandMenu4", 
"label": [1, 0.22, 100], 
"id": 232, 
"show": "true", 
"internalStructure":  [ 235, 230, 233, 237], 
"showInternalStructure": "true"
},
{
"name": "UndoableCommand21", 
"label": [1, 0.24, 100], 
"id": 233, 
"show": "true", 
"internalStructure":  [ 234], 
"showInternalStructure": "true"
},
{
"name": "ChangeAttributeCommand4", 
"label": [1, 0.26, 100], 
"id": 234, 
"show": "true", 
"internalStructure":  [ ], 
"showInternalStructure": "true"
},
{
"name": "UndoableCommand22", 
"label": [1, 0.24, 100], 
"id": 235, 
"show": "true", 
"internalStructure":  [ 236], 
"showInternalStructure": "true"
},
{
"name": "ChangeAttributeCommand5", 
"label": [1, 0.26, 100], 
"id": 236, 
"show": "true", 
"internalStructure":  [ ], 
"showInternalStructure": "true"
},
{
"name": "UndoableCommand23", 
"label": [1, 0.24, 100], 
"id": 237, 
"show": "true", 
"internalStructure":  [ 238], 
"showInternalStructure": "true"
},
{
"name": "ChangeAttributeCommand6", 
"label": [1, 0.44, 100], 
"id": 238, 
"show": "true", 
"internalStructure":  [ ], 
"showInternalStructure": "true"
},
{
"name": "UndoableCommand24", 
"label": [1, 0.24, 100], 
"id": 239, 
"show": "true", 
"internalStructure":  [ 240], 
"showInternalStructure": "true"
},
{
"name": "ChangeAttributeCommand7", 
"label": [1, 0.47, 100], 
"id": 240, 
"show": "true", 
"internalStructure":  [ ], 
"showInternalStructure": "true"
},
{
"name": "CommandMenu6", 
"label": [1, 0.23, 100], 
"id": 241, 
"show": "true", 
"internalStructure":  [ 239], 
"showInternalStructure": "true"
},
{
"name": "UndoableCommand25", 
"label": [1, 0.24, 100], 
"id": 242, 
"show": "true", 
"internalStructure":  [ 243], 
"showInternalStructure": "true"
},
{
"name": "ChangeAttributeCommand8", 
"label": [0.33, 58.32, 100], 
"id": 243, 
"show": "true", 
"internalStructure":  [ ], 
"showInternalStructure": "true"
},
{
"name": "CommandMenu7", 
"label": [1, 0.24, 100], 
"id": 244, 
"show": "true", 
"internalStructure":  [ 242], 
"showInternalStructure": "true"
},
{
"name": "UndoableCommand26", 
"label": [1, 0.24, 100], 
"id": 245, 
"show": "true", 
"internalStructure":  [ 246], 
"showInternalStructure": "true"
},
{
"name": "ChangeAttributeCommand9", 
"label": [1, 0.47, 100], 
"id": 246, 
"show": "true", 
"internalStructure":  [ ], 
"showInternalStructure": "true"
},
{
"name": "CommandMenu8", 
"label": [1, 0.24, 100 ], 
"id": 247, 
"show": "true", 
"internalStructure":  [ 248, 245, 250], 
"showInternalStructure": "true"
},
{
"name": "UndoableCommand27", 
"label": [1, 0.24, 100], 
"id": 248, 
"show": "true", 
"internalStructure":  [ 249], 
"showInternalStructure": "true"
},
{
"name": "ChangeAttributeCommand10", 
"label": [ 1, 0.47, 100], 
"id": 249, 
"show": "true", 
"internalStructure":  [ ], 
"showInternalStructure": "true"
},
{
"name": "UndoableCommand28", 
"label": [1, 0.24, 100], 
"id": 250, 
"show": "true", 
"internalStructure":  [ 251], 
"showInternalStructure": "true"
},
{
"name": "ChangeAttributeCommand11", 
"label": [1, 0.47, 100 ], 
"id": 251, 
"show": "true", 
"internalStructure":  [ ], 
"showInternalStructure": "true"
},
{
"name": "ChangeAttributeCommand12", 
"label": [ 1, 0.47, 100], 
"id": 253, 
"show": "true", 
"internalStructure":  [ ], 
"showInternalStructure": "true"
},
{
"name": "CommandMenu9", 
"label": [ 1, 0.24, 100], 
"id": 254, 
"show": "true", 
"internalStructure":  [ 252], 
"showInternalStructure": "true"
},
{
"name": "StorageFormatManager1", 
"label": [1, 0.24, 100], 
"id": 255, 
"show": "true", 
"internalStructure":  [ 256], 
"showInternalStructure": "true"
},
{
"name": "StandardStorageFormat1", 
"label": [1, 0.49, 100], 
"id": 256, 
"show": "true", 
"internalStructure":  [ ], 
"showInternalStructure": "true"
},
{
"name": "BouncingDrawing1", 
"label": [1, 21.51, 100], 
"id": 257, 
"show": "true", 
"internalStructure":  [], 
"showInternalStructure": "true"
},
{
"name": "Animator1", 
"label": [0.33, 48.28, 91.41], 
"id": 262, 
"show": "true", 
"internalStructure":  [], 
"showInternalStructure": "true"
},
{
"name": "DesktopEventService1", 
"label": [1, 0.22, 100], 
"id": 263, 
"show": "true", 
"internalStructure":  [], 
"showInternalStructure": "true"
},
{
"name": "DNDHelper1", 
"label": [1, 24.33, 100], 
"id": 264, 
"show": "true", 
"internalStructure":  [265, 266], 
"showInternalStructure": "true"
},
{
"name": "JHDDragSourceListener1", 
"label": [1, 26, 77], 
"id": 265, 
"show": "true", 
"internalStructure":  [ ], 
"showInternalStructure": "true"
},
{
"name": "JHDDropTargetListener1", 
"label": [1, 26, 77], 
"id": 266, 
"show": "true", 
"internalStructure":  [ ], 
"showInternalStructure": "true"
},
{
"name": "DNDFiguresTransferable1", 
"label": [0.33, 86.27, 100], 
"id": 267, 
"show": "true", 
"internalStructure":  [268], 
"showInternalStructure": "true"
}
,
{
"name": "DNDFigures1", 
"label": [0.33, 86.27, 100], 
"id": 268, 
"show": "true", 
"internalStructure":  [ ], 
"showInternalStructure": "true"
}
,
{
"name": "AWTCursor1", 
"label": [1, 60.53, 79.30], 
"id": 269, 
"show": "true", 
"internalStructure":  [ ], 
"showInternalStructure": "true"
},
{
"name": "AWTCursor2", 
"label": [0, 0, 0], 
"id": 270, 
"show": "true", 
"internalStructure":  [ ], 
"showInternalStructure": "true"
},
{
"name": "ArrowTip1", 
"label": [0, 0, 0], 
"id": 271, 
"show": "true", 
"internalStructure":  [ ], 
"showInternalStructure": "true"
},
{
"name": "ArrowTip2", 
"label": [0, 0, 0], 
"id": 272, 
"show": "true", 
"internalStructure":  [ ], 
"showInternalStructure": "true"
},
{
"name": "PasteCommand.UndoActivity1", 
"label": [0, 0, 0], 
"id": 273, 
"show": "true", 
"internalStructure":  [ 283], 
"showInternalStructure": "true"
},
{
"name": "PasteCommand.UndoActivity2", 
"label": [0, 0, 0], 
"id": 274, 
"show": "true", 
"internalStructure":  [ 284], 
"showInternalStructure": "true"
},
{
"name": "PasteCommand.UndoActivity3", 
"label": [0, 0, 0], 
"id": 275, 
"show": "true", 
"internalStructure":  [285 ], 
"showInternalStructure": "true"
},
{
"name": "PasteCommand.UndoActivity4", 
"label": [0, 0, 0], 
"id": 276, 
"show": "true", 
"internalStructure":  [ 286], 
"showInternalStructure": "true"
},
{
"name": "PasteCommand.UndoActivity5", 
"label": [0, 0, 0], 
"id": 277, 
"show": "true", 
"internalStructure":  [ 287], 
"showInternalStructure": "true"
},
{
"name": "PasteCommand.UndoActivity6", 
"label": [0, 0, 0], 
"id": 278, 
"show": "true", 
"internalStructure":  [ 288], 
"showInternalStructure": "true"
},
{
"name": "PasteCommand.UndoActivity7", 
"label": [0, 0, 0], 
"id": 279, 
"show": "true", 
"internalStructure":  [ 289], 
"showInternalStructure": "true"
},
{
"name": "PasteCommand.UndoActivity8", 
"label": [0, 0, 0], 
"id": 280, 
"show": "true", 
"internalStructure":  [ 290], 
"showInternalStructure": "true"
},
{
"name": "ConnectionTool.UndoActivity1", 
"label": [0, 0, 0], 
"id": 281, 
"show": "true", 
"internalStructure":  [291 ], 
"showInternalStructure": "true"
},
{
"name": "ConnectionTool.UndoActivity2", 
"label": [0, 0, 0], 
"id": 282, 
"show": "true", 
"internalStructure":  [ 292], 
"showInternalStructure": "true"
},
{
"name": "SingleFigureEnumerator1", 
"label": [0, 0, 0], 
"id": 283, 
"show": "true", 
"internalStructure":  [ ], 
"showInternalStructure": "true"
},
{
"name": "SingleFigureEnumerator2", 
"label": [0, 0, 0], 
"id": 284, 
"show": "true", 
"internalStructure":  [ ], 
"showInternalStructure": "true"
},
{
"name": "SingleFigureEnumerator3", 
"label": [0, 0, 0], 
"id": 285, 
"show": "true", 
"internalStructure":  [ ], 
"showInternalStructure": "true"
},
{
"name": "SingleFigureEnumerator4", 
"label": [0, 0, 0], 
"id": 286, 
"show": "true", 
"internalStructure":  [ ], 
"showInternalStructure": "true"
},
{
"name": "SingleFigureEnumerator5", 
"label": [0, 0, 0], 
"id": 287, 
"show": "true", 
"internalStructure":  [ ], 
"showInternalStructure": "true"
},
{
"name": "SingleFigureEnumerator6", 
"label": [0, 0, 0], 
"id": 288, 
"show": "true", 
"internalStructure":  [ ], 
"showInternalStructure": "true"
},
{
"name": "SingleFigureEnumerator7", 
"label": [0, 0, 0], 
"id": 289, 
"show": "true", 
"internalStructure":  [ ], 
"showInternalStructure": "true"
},
{
"name": "SingleFigureEnumerator8", 
"label": [0, 0, 0], 
"id": 290, 
"show": "true", 
"internalStructure":  [ ], 
"showInternalStructure": "true"
},
{
"name": "SingleFigureEnumerator9", 
"label": [0, 0, 0], 
"id": 291, 
"show": "true", 
"internalStructure":  [ ], 
"showInternalStructure": "true"
},
{
"name": "SingleFigureEnumerator10", 
"label": [0, 0, 0], 
"id": 292, 
"show": "true", 
"internalStructure":  [ ], 
"showInternalStructure": "true"
}
],
"links": [
{
"source": 0, 
"target": 2, 
"type": ""
},
{
"source": 1, 
"target": 2, 
"type": "myDrawingEditor"
},
{
"source": 2, 
"target": 1, 
"type": "fView"
},
{
"source": 3, 
"target": 4, 
"type": "_theQuadTree"
},
{
"source": 1, 
"target": 3, 
"type": "myDrawing"
},
{
"source": 2, 
"target": 5, 
"type": "fView"
},
{
"source": 6, 
"target": 7, 
"type": "_theQuadTree"
},
{
"source": 8, 
"target": 2, 
"type": "fEditor"
},
{
"source": 8, 
"target": 9, 
"type": "fUpdateStrategy"
},
{
"source": 8, 
"target": 10, 
"type": "mouseListener"
},
{
"source": 8, 
"target": 11, 
"type": "motionListener"
},
{
"source": 8, 
"target": 12, 
"type": "keyListener"
},
{
"source": 13, 
"target": 14, 
"type": "myWrappedCommand"
},
{
"source": 15, 
"target": 2, 
"type": "myVersionRequester"
},
{
"source": 2, 
"target": 16, 
"type": "myUndoManager"
},
{
"source": 17, 
"target": 17, 
"type": "fgIconkit"
},
{
"source": 2, 
"target": 17, 
"type": "fIconkit"
},
{
"source": 2, 
"target": 18, 
"type": "fTool"
},
{
"source": 2, 
"target": 8, 
"type": "fView"
},
{
"source": 19, 
"target": 20, 
"type": "myTool"
},
{
"source": 19, 
"target": 21, 
"type": "myIcon"
},
{
"source": 22, 
"target": 23, 
"type": "myTool"
},
{
"source": 24, 
"target": 25, 
"type": "myIcon"
},
{
"source": 26, 
"target": 27, 
"type": "myWrappedTool"
},
{
"source": 22, 
"target": 26, 
"type": "myTool"
},
{
"source": 22, 
"target": 28, 
"type": "myIcon"
},
{
"source": 29, 
"target": 30, 
"type": "myWrappedTool"
},
{
"source": 31, 
"target": 29, 
"type": "myTool"
},
{
"source": 29, 
"target": 32, 
"type": "myEventDispatcher"
},
{
"source": 31, 
"target": 33, 
"type": "myIcon"
},
{
"source": 34, 
"target": 35, 
"type": "myTool"
},
{
"source": 34, 
"target": 36, 
"type": "myIcon"
},
{
"source": 37, 
"target": 38, 
"type": "myPrototypeFigure"
},
{
"source": 39, 
"target": 37, 
"type": "myWrappedTool"
},
{
"source": 40, 
"target": 39, 
"type": "myTool"
},
{
"source": 39, 
"target": 41, 
"type": "myEventDispatcher"
},
{
"source": 40, 
"target": 42, 
"type": "myIcon"
},
{
"source": 43, 
"target": 44, 
"type": "myPrototypeFigure"
},
{
"source": 45, 
"target": 43, 
"type": "myWrappedTool"
},
{
"source": 46, 
"target": 45, 
"type": "myTool"
},
{
"source": 45, 
"target": 47, 
"type": "myEventDispatcher"
},
{
"source": 46, 
"target": 48, 
"type": "myIcon"
},
{
"source": 49, 
"target": 50, 
"type": "myPrototypeFigure"
},
{
"source": 51, 
"target": 49, 
"type": "myWrappedTool"
},
{
"source": 52, 
"target": 51, 
"type": "myTool"
},
{
"source": 51, 
"target": 53, 
"type": "myEventDispatcher"
},
{
"source": 52, 
"target": 54, 
"type": "myIcon"
},
{
"source": 55, 
"target": 56, 
"type": "myWrappedTool"
},
{
"source": 57, 
"target": 55, 
"type": "myTool"
},
{
"source": 55, 
"target": 58, 
"type": "myEventDispatcher"
},
{
"source": 57, 
"target": 59, 
"type": "myIcon"
},
{
"source": 60, 
"target": 61, 
"type": "myPrototypeFigure"
},
{
"source": 62, 
"target": 60, 
"type": "myWrappedTool"
},
{
"source": 63, 
"target": 62, 
"type": "myTool"
},
{
"source": 62, 
"target": 64, 
"type": "myEventDispatcher"
},
{
"source": 63, 
"target": 65, 
"type": "myIcon"
},
{
"source": 66, 
"target": 67, 
"type": "myPrototypeFigure"
},
{
"source": 68, 
"target": 66, 
"type": "myWrappedTool"
},
{
"source": 69, 
"target": 68, 
"type": "myTool"
},
{
"source": 68, 
"target": 70, 
"type": "myEventDispatcher"
},
{
"source": 69, 
"target": 71, 
"type": "myIcon"
},
{
"source": 72, 
"target": 73, 
"type": "myPrototypeFigure"
},
{
"source": 74, 
"target": 72, 
"type": "myWrappedTool"
},
{
"source": 75, 
"target": 74, 
"type": "myTool"
},
{
"source": 74, 
"target": 76, 
"type": "myEventDispatcher"
},
{
"source": 75, 
"target": 77, 
"type": "myIcon"
},
{
"source": 78, 
"target": 79, 
"type": "fPrototype"
},
{
"source": 80, 
"target": 78, 
"type": "myWrappedTool"
},
{
"source": 81, 
"target": 80, 
"type": "myTool"
},
{
"source": 80, 
"target": 82, 
"type": "myEventDispatcher"
},
{
"source": 81, 
"target": 83, 
"type": "myIcon"
},
{
"source": 84, 
"target": 85, 
"type": "fPrototype"
},
{
"source": 86, 
"target": 84, 
"type": "myWrappedTool"
},
{
"source": 87, 
"target": 86, 
"type": "myTool"
},
{
"source": 86, 
"target": 88, 
"type": "myEventDispatcher"
},
{
"source": 87, 
"target": 89, 
"type": "myIcon"
},
{
"source": 90, 
"target": 91, 
"type": "myWrappedTool"
},
{
"source": 92, 
"target": 90, 
"type": "myTool"
},
{
"source": 90, 
"target": 93, 
"type": "myEventDispatcher"
},
{
"source": 92, 
"target": 94, 
"type": "myIcon"
},
{
"source": 95, 
"target": 96, 
"type": "myWrappedTool"
},
{
"source": 97, 
"target": 95, 
"type": "myTool"
},
{
"source": 95, 
"target": 98, 
"type": "myEventDispatcher"
},
{
"source": 97, 
"target": 99, 
"type": "myIcon"
},
{
"source": 100, 
"target": 101, 
"type": "myPrototypeFigure"
},
{
"source": 102, 
"target": 100, 
"type": "myTool"
},
{
"source": 102, 
"target": 103, 
"type": "myIcon"
},
{
"source": 104, 
"target": 105, 
"type": "myTool"
},
{
"source": 104, 
"target": 106, 
"type": "myIcon"
},
{
"source": 107, 
"target": 108, 
"type": "myTool"
},
{
"source": 107, 
"target": 109, 
"type": "myIcon"
},
{
"source": 110, 
"target": 111, 
"type": "myTool"
},
{
"source": 110, 
"target": 112, 
"type": "myIcon"
},
{
"source": 113, 
"target": 114, 
"type": "fFrameFigure"
},
{
"source": 113, 
"target": 115, 
"type": "fIntrinsicContentProducer"
},
{
"source": 113, 
"target": 116, 
"type": "fContentProducers"
},
{
"source": 117, 
"target": 118, 
"type": "myTool"
},
{
"source": 117, 
"target": 119, 
"type": "myIcon"
},
{
"source": 120, 
"target": 121, 
"type": "myWrappedTool"
},
{
"source": 122, 
"target": 120, 
"type": "myTool"
},
{
"source": 120, 
"target": 123, 
"type": "myEventDispatcher"
},
{
"source": 0, 
"target": 122, 
"type": ""
},
{
"source": 122, 
"target": 124, 
"type": "myIcon"
},
{
"source": 125, 
"target": 126, 
"type": "myIcon"
},
{
"source": 127, 
"target": 2, 
"type": "myDrawApplication"
},
{
"source": 127, 
"target": 128, 
"type": "manager"
},
{
"source": 130, 
"target": 2, 
"type": "myDrawingEditor"
},
{
"source": 131, 
"target": 130, 
"type": "hm"
},
{
"source": 131, 
"target": 132, 
"type": "hm"
},
{
"source": 133, 
"target": 134, 
"type": "myWrappedCommand"
},
{
"source": 133, 
"target": 135, 
"type": "myEventDispatcher"
},
{
"source": 136, 
"target": 133, 
"type": "hm"
},
{
"source": 137, 
"target": 2, 
"type": "myDrawingEditor"
},
{
"source": 138, 
"target": 137, 
"type": "hm"
},
{
"source": 138, 
"target": 139, 
"type": "hm"
},
{
"source": 140, 
"target": 2, 
"type": "myDrawingEditor"
},
{
"source": 141, 
"target": 140, 
"type": "cascadeCommand"
},
{
"source": 141, 
"target": 142, 
"type": "tileCommand"
},
{
"source": 138, 
"target": 141, 
"type": "hm"
},
{
"source": 143, 
"target": 2, 
"type": "myDrawingEditor"
},
{
"source": 144, 
"target": 143, 
"type": "hm"
},
{
"source": 144, 
"target": 145, 
"type": "hm"
},
{
"source": 144, 
"target": 146, 
"type": "hm"
},
{
"source": 144, 
"target": 147, 
"type": "hm"
},
{
"source": 144, 
"target": 148, 
"type": "hm"
},
{
"source": 149, 
"target": 150, 
"type": "myWrappedCommand"
},
{
"source": 150, 
"target": 2, 
"type": "myDrawingEditor"
},
{
"source": 149, 
"target": 151, 
"type": "myEventDispatcher"
},
{
"source": 152, 
"target": 149, 
"type": "hm"
},
{
"source": 153, 
"target": 154, 
"type": "myWrappedCommand"
},
{
"source": 153, 
"target": 155, 
"type": "myEventDispatcher"
},
{
"source": 152, 
"target": 153, 
"type": "hm"
},
{
"source": 152, 
"target": 156, 
"type": "hm"
},
{
"source": 157, 
"target": 158, 
"type": "myWrappedCommand"
},
{
"source": 157, 
"target": 159, 
"type": "myEventDispatcher"
},
{
"source": 152, 
"target": 157, 
"type": "hm"
},
{
"source": 160, 
"target": 161, 
"type": "myWrappedCommand"
},
{
"source": 160, 
"target": 162, 
"type": "myEventDispatcher"
},
{
"source": 152, 
"target": 160, 
"type": "hm"
},
{
"source": 163, 
"target": 164, 
"type": "myWrappedCommand"
},
{
"source": 163, 
"target": 165, 
"type": "myEventDispatcher"
},
{
"source": 152, 
"target": 163, 
"type": "hm"
},
{
"source": 166, 
"target": 167, 
"type": "myWrappedCommand"
},
{
"source": 166, 
"target": 168, 
"type": "myEventDispatcher"
},
{
"source": 152, 
"target": 166, 
"type": "hm"
},
{
"source": 169, 
"target": 170, 
"type": "myWrappedCommand"
},
{
"source": 169, 
"target": 171, 
"type": "myEventDispatcher"
},
{
"source": 152, 
"target": 169, 
"type": "hm"
},
{
"source": 172, 
"target": 173, 
"type": "myWrappedCommand"
},
{
"source": 172, 
"target": 174, 
"type": "myEventDispatcher"
},
{
"source": 152, 
"target": 172, 
"type": "hm"
},
{
"source": 175, 
"target": 176, 
"type": "myWrappedCommand"
},
{
"source": 175, 
"target": 177, 
"type": "myEventDispatcher"
},
{
"source": 152, 
"target": 175, 
"type": "hm"
},
{
"source": 152, 
"target": 178, 
"type": "hm"
},
{
"source": 152, 
"target": 179, 
"type": "hm"
},
{
"source": 180, 
"target": 181, 
"type": "hm"
},
{
"source": 182, 
"target": 183, 
"type": "myWrappedCommand"
},
{
"source": 182, 
"target": 184, 
"type": "myEventDispatcher"
},
{
"source": 180, 
"target": 182, 
"type": "hm"
},
{
"source": 185, 
"target": 186, 
"type": "myWrappedCommand"
},
{
"source": 185, 
"target": 187, 
"type": "myEventDispatcher"
},
{
"source": 180, 
"target": 185, 
"type": "hm"
},
{
"source": 188, 
"target": 189, 
"type": "myWrappedCommand"
},
{
"source": 188, 
"target": 190, 
"type": "myEventDispatcher"
},
{
"source": 180, 
"target": 188, 
"type": "hm"
},
{
"source": 191, 
"target": 192, 
"type": "myWrappedCommand"
},
{
"source": 191, 
"target": 193, 
"type": "myEventDispatcher"
},
{
"source": 180, 
"target": 191, 
"type": "hm"
},
{
"source": 194, 
"target": 195, 
"type": "myWrappedCommand"
},
{
"source": 194, 
"target": 196, 
"type": "myEventDispatcher"
},
{
"source": 180, 
"target": 194, 
"type": "hm"
},
{
"source": 197, 
"target": 198, 
"type": "myWrappedCommand"
},
{
"source": 197, 
"target": 199, 
"type": "myEventDispatcher"
},
{
"source": 180, 
"target": 197, 
"type": "hm"
},
{
"source": 200, 
"target": 2, 
"type": "myDrawingEditor"
},
{
"source": 201, 
"target": 200, 
"type": "hm"
},
{
"source": 201, 
"target": 202, 
"type": "hm"
},
{
"source": 203, 
"target": 2, 
"type": "myDrawingEditor"
},
{
"source": 201, 
"target": 203, 
"type": "hm"
},
{
"source": 204, 
"target": 2, 
"type": "myDrawingEditor"
},
{
"source": 205, 
"target": 204, 
"type": "hm"
},
{
"source": 205, 
"target": 206, 
"type": "hm"
},
{
"source": 207, 
"target": 208, 
"type": "FRAME_COLOR"
},
{
"source": 207, 
"target": 209, 
"type": "FILL_COLOR"
},
{
"source": 207, 
"target": 210, 
"type": "TEXT_COLOR"
},
{
"source": 207, 
"target": 211, 
"type": "ARROW_MODE"
},
{
"source": 207, 
"target": 212, 
"type": "FONT_NAME"
},
{
"source": 207, 
"target": 213, 
"type": "FONT_SIZE"
},
{
"source": 207, 
"target": 214, 
"type": "FONT_STYLE"
},
{
"source": 207, 
"target": 215, 
"type": "URL"
},
{
"source": 207, 
"target": 216, 
"type": "LOCATION"
},
{
"source": 207, 
"target": 217, 
"type": "XALIGNMENT"
},
{
"source": 207, 
"target": 218, 
"type": "YALIGNMENT"
},
{
"source": 207, 
"target": 219, 
"type": "TOP_MARGIN"
},
{
"source": 207, 
"target": 220, 
"type": "RIGHT_MARGIN"
},
{
"source": 207, 
"target": 221, 
"type": "BOTTOM_MARGIN"
},
{
"source": 207, 
"target": 222, 
"type": "LEFT_MARGIN"
},
{
"source": 207, 
"target": 223, 
"type": "POPUP_MENU"
},
{
"source": 224, 
"target": 225, 
"type": "myWrappedCommand"
},
{
"source": 226, 
"target": 224, 
"type": "hm"
},
{
"source": 227, 
"target": 228, 
"type": "myWrappedCommand"
},
{
"source": 229, 
"target": 227, 
"type": "hm"
},
{
"source": 230, 
"target": 231, 
"type": "myWrappedCommand"
},
{
"source": 232, 
"target": 230, 
"type": "hm"
},
{
"source": 233, 
"target": 234, 
"type": "myWrappedCommand"
},
{
"source": 232, 
"target": 233, 
"type": "hm"
},
{
"source": 235, 
"target": 236, 
"type": "myWrappedCommand"
},
{
"source": 232, 
"target": 235, 
"type": "hm"
},
{
"source": 237, 
"target": 238, 
"type": "myWrappedCommand"
},
{
"source": 232, 
"target": 237, 
"type": "hm"
},
{
"source": 239, 
"target": 240, 
"type": "myWrappedCommand"
},
{
"source": 241, 
"target": 239, 
"type": "hm"
},
{
"source": 242, 
"target": 243, 
"type": "myWrappedCommand"
},
{
"source": 244, 
"target": 242, 
"type": "hm"
},
{
"source": 245, 
"target": 246, 
"type": "myWrappedCommand"
},
{
"source": 247, 
"target": 245, 
"type": "hm"
},
{
"source": 248, 
"target": 249, 
"type": "myWrappedCommand"
},
{
"source": 247, 
"target": 248, 
"type": "hm"
},
{
"source": 250, 
"target": 251, 
"type": "myWrappedCommand"
},
{
"source": 247, 
"target": 250, 
"type": "hm"
},
{
"source": 252, 
"target": 253, 
"type": "myWrappedCommand"
},
{
"source": 254, 
"target": 252, 
"type": "hm"
},
{
"source": 255, 
"target": 256, 
"type": "myDefaultStorageFormat"
},
{
"source": 2, 
"target": 255, 
"type": "fStorageFormatManager"
},
{
"source": 0, 
"target": 6, 
"type": ""
},
{
"source": 0, 
"target": 13, 
"type": ""
},
{
"source": 0, 
"target": 15, 
"type": ""
},
{
"source": 0, 
"target": 19, 
"type": ""
},
{
"source": 0, 
"target": 22, 
"type": ""
},
{
"source": 0, 
"target": 24, 
"type": ""
},
{
"source": 0, 
"target": 31, 
"type": ""
},
{
"source": 0, 
"target": 34, 
"type": ""
},
{
"source": 0, 
"target": 40, 
"type": ""
},
{
"source": 0, 
"target": 46, 
"type": ""
},
{
"source": 0, 
"target": 52, 
"type": ""
},
{
"source": 0, 
"target": 57, 
"type": ""
},
{
"source": 0, 
"target": 63, 
"type": ""
},
{
"source": 0, 
"target": 69, 
"type": ""
},
{
"source": 0, 
"target": 75, 
"type": ""
},
{
"source": 0, 
"target": 81, 
"type": ""
},
{
"source": 0, 
"target": 87, 
"type": ""
},
{
"source": 0, 
"target": 92, 
"type": ""
},
{
"source": 0, 
"target": 97, 
"type": ""
},
{
"source": 0, 
"target": 102, 
"type": ""
},
{
"source": 0, 
"target": 104, 
"type": ""
},
{
"source": 0, 
"target": 107, 
"type": ""
},
{
"source": 0, 
"target": 110, 
"type": ""
},
{
"source": 0, 
"target": 113, 
"type": ""
},
{
"source": 0, 
"target": 117, 
"type": ""
},
{
"source": 0, 
"target": 125, 
"type": ""
},
{
"source": 0, 
"target": 127, 
"type": ""
},
{
"source": 0, 
"target": 131, 
"type": ""
},
{
"source": 0, 
"target": 136, 
"type": ""
},
{
"source": 0, 
"target": 138, 
"type": ""
},
{
"source": 0, 
"target": 144, 
"type": ""
},
{
"source": 0, 
"target": 152, 
"type": ""
},
{
"source": 0, 
"target": 180, 
"type": ""
},
{
"source": 0, 
"target": 201, 
"type": ""
},
{
"source": 0, 
"target": 205, 
"type": ""
},
{
"source": 0, 
"target": 207, 
"type": ""
},
{
"source": 0, 
"target": 226, 
"type": ""
},
{
"source": 0, 
"target": 229, 
"type": ""
},
{
"source": 0, 
"target": 232, 
"type": ""
},
{
"source": 0, 
"target": 241, 
"type": ""
},
{
"source": 0, 
"target": 244, 
"type": ""
},
{
"source": 0, 
"target": 247, 
"type": ""
},
{
"source": 0, 
"target": 254, 
"type": ""
},
{
"source": 4, 
"target": 258, 
"type": "_outsideHashTable"
},
{
"source": 7, 
"target": 259, 
"type": "_outsideHashTable"
},
{
"source": 259, 
"target": 260, 
"type": "singletonEmptyEnumerator"
},
{
"source": 258, 
"target": 261, 
"type": "singletonEmptyEnumerator"
}
,
{
"source": 2, 
"target": 262, 
"type": "fAnimator"
},
{
"source": 127, 
"target": 263, 
"type": "myDesktopEventService"
},
{
"source": 8, 
"target": 264, 
"type": "dndh"
}
,
{
"source": 264, 
"target": 265, 
"type": "dragSourceListener"
},
{
"source": 264, 
"target": 266, 
"type": "dragTargetListener"
},
{
"source": 265, 
"target": 2, 
"type": "editor"
},
{
"source": 266, 
"target": 2, 
"type": "editor"
},
{
"source": 266, 
"target": 8, 
"type": "dv"
},
{
"source": 263, 
"target": 127, 
"type": "desktop"
},
{
"source": 20, 
"target": 267, 
"type": " "
},
{
"source": 267, 
"target": 268, 
"type": "o"
},
{
"source": 8, 
"target": 269, 
"type": "cursor"
},
{
"source": 8, 
"target": 270, 
"type": "cursor"
},
{
"source": 79, 
"target": 271, 
"type": "fStartDecoration"
},
{
"source": 79, 
"target": 272, 
"type": "fEndDecoration"
},
{
"source": 37, 
"target": 273, 
"type": "myUndoActivity"
},
{
"source": 43, 
"target": 274, 
"type": "myUndoActivity"
},
{
"source": 49, 
"target": 275, 
"type": "myUndoActivity"
},
{
"source": 60, 
"target": 276, 
"type": "myUndoActivity"
},
{
"source": 66, 
"target": 277, 
"type": "myUndoActivity"
},
{
"source": 72, 
"target": 278, 
"type": "myUndoActivity"
},
{
"source": 100, 
"target": 279, 
"type": "myUndoActivity"
},
{
"source": 108, 
"target": 280, 
"type": "myUndoActivity"
},
{
"source": 78, 
"target": 281, 
"type": "myUndoActivity"
},
{
"source": 84, 
"target": 282, 
"type": "myUndoActivity"
},
{
"source": 273, 
"target": 282, 
"type": "myAffectedFigures"
},
{
"source": 274, 
"target": 282, 
"type": "myAffectedFigures"
},
{
"source": 275, 
"target": 282, 
"type": "myAffectedFigures"
},
{
"source": 276, 
"target": 282, 
"type": "myAffectedFigures"
},
{
"source": 277, 
"target": 282, 
"type": "myAffectedFigures"
},
{
"source": 278, 
"target": 282, 
"type": "myAffectedFigures"
},
{
"source": 279, 
"target": 282, 
"type": "myAffectedFigures"
},
{
"source": 280, 
"target": 282, 
"type": "myAffectedFigures"
},
{
"source": 281, 
"target": 282, 
"type": "myAffectedFigures"
},
{
"source": 282, 
"target": 282, 
"type": "myAffectedFigures"
},
{
"source": 1, 
"target": 283, 
"type": ""
},
{
"source": 1, 
"target": 284, 
"type": ""
},{
"source": 1, 
"target": 285, 
"type": ""
},{
"source": 1, 
"target": 286, 
"type": ""
},{
"source": 1, 
"target": 287, 
"type": ""
},{
"source": 1, 
"target": 288, 
"type": ""
},{
"source": 1, 
"target": 289, 
"type": ""
},
{
"source": 1, 
"target": 290, 
"type": ""
},{
"source": 1, 
"target": 291, 
"type": ""
},{
"source": 1, 
"target": 292, 
"type": ""
}
]}
