{
"nodes": [
{
"name": "FileRunner1", 
"label": [1, 0.55, 100], 
"id": 1, 
"show": "true", 
"internalStructure":  [ 2, 10, 4], 
"showInternalStructure": "true"
},
{
"name": "Fixture1", 
"label": [1, 0.41, 100], 
"id": 2, 
"show": "true", 
"internalStructure":  [ 8, 3], 
"showInternalStructure": "true"
},
{
"name": "Counts1", 
"label": [1, 30.74, 100], 
"id": 3, 
"show": "true", 
"internalStructure":  [ ], 
"showInternalStructure": "true"
},
{
"name": "Parse1", 
"label": [0.67, 77.07, 100], 
"id": 4, 
"show": "true", 
"internalStructure":  [ 7, 6, 5], 
"showInternalStructure": "true"
},
{
"name": "Parse2", 
"label": [1, 57.45, 100], 
"id": 5, 
"show": "true", 
"internalStructure":  [ ], 
"showInternalStructure": "true"
},
{
"name": "Parse3", 
"label": [0, 0, 0], 
"id": 6, 
"show": "true", 
"internalStructure":  [ ], 
"showInternalStructure": "true"
},
{
"name": "Parse4", 
"label": [1, 62.17, 100], 
"id": 7, 
"show": "true", 
"internalStructure":  [ ], 
"showInternalStructure": "true"
},
{
"name": "RunTime1", 
"label": [1, 82.41, 100], 
"id": 8, 
"show": "true", 
"internalStructure":  [ 9], 
"showInternalStructure": "true"
},
{
"name": "RunTimeData1", 
"label": [1, 82.26, 100], 
"id": 9, 
"show": "true", 
"internalStructure":  [ ], 
"showInternalStructure": "true"
},
{
"name": "Parse5", 
"label": [0.33, 87.67, 100], 
"id": 10, 
"show": "true", 
"internalStructure":  [ 11, 12, 13], 
"showInternalStructure": "true"
},
{
"name": "Parse6", 
"label": [1, 57.45, 100], 
"id": 11, 
"show": "true", 
"internalStructure":  [ ], 
"showInternalStructure": "true"
},
{
"name": "Parse7", 
"label": [1, 62.17, 100], 
"id": 12, 
"show": "true", 
"internalStructure":  [ ], 
"showInternalStructure": "true"
},
{
"name": "Parse8", 
"label": [0, 0, 0], 
"id": 13, 
"show": "true", 
"internalStructure":  [ ], 
"showInternalStructure": "true"
}
],
"links": [
{
"source": 0, 
"target": 1, 
"type": ""
},
{
"source": 1, 
"target": 2, 
"type": "fixture"
},
{
"source": 2, 
"target": 3, 
"type": "counts"
},
{
"source": 1, 
"target": 4, 
"type": "tables"
},
{
"source": 4, 
"target": 5, 
"type": "parts"
},
{
"source": 4, 
"target": 6, 
"type": "parts"
},
{
"source": 4, 
"target": 7, 
"type": "more"
},
{
"source": 2, 
"target": 8, 
"type": "summary"
},
{
"source": 8, 
"target": 9, 
"type": "data"
},
{
"source": 1, 
"target": 10, 
"type": "tables"
},
{
"source": 10, 
"target": 11, 
"type": "parts"
},
{
"source": 10, 
"target": 12, 
"type": "more"
},
{
"source": 10, 
"target": 13, 
"type": "parts"
}
]}
