{
"nodes": [
{
"name": "MiniDrawApplication1", 
"label": [1, 0.36, 100], 
"id": 1, 
"show": "true", 
"internalStructure":  [ 2, 5, 8, 9, 3, 4], 
"showInternalStructure": "true"
},
{
"name": "PuzzleFactory1", 
"label": [1, 0, 100], 
"id": 2, 
"show": "true", 
"internalStructure":  [ ], 
"showInternalStructure": "true"
},
{
"name": "ImageManager1", 
"label": [1, 0.36, 100], 
"id": 3, 
"show": "true", 
"internalStructure":  [ ], 
"showInternalStructure": "true"
},
{
"name": "NullTool1", 
"label": [1.0, 0.36, 100], 
"id": 4, 
"show": "true", 
"internalStructure":  [ ], 
"showInternalStructure": "true"
},
{
"name": "StandardDrawing1", 
"label": [1, 0.36, 100], 
"id": 5, 
"show": "true", 
"internalStructure":  [ 17, 18, 16, 21, 7, 14, 19, 22, 6, 20, 15], 
"showInternalStructure": "true"
},
{
"name": "StandardSelectionHandler1", 
"label": [1, 0.36, 100], 
"id": 6, 
"show": "true", 
"internalStructure":  [ ], 
"showInternalStructure": "true"
},
{
"name": "StandardDrawingChangeListenerHandler1", 
"label": [1, 0.36, 100], 
"id": 7, 
"show": "true", 
"internalStructure":  [ ], 
"showInternalStructure": "true"
},
{
"name": "StdViewWithBackground1", 
"label": [1, 0.36, 100], 
"id": 8, 
"show": "true", 
"internalStructure":  [ ], 
"showInternalStructure": "true"
},
{
"name": "SelectionTool1", 
"label": [1.0, 0.38, 100], 
"id": 9, 
"show": "true", 
"internalStructure":  [ 12, 13, 11, 10], 
"showInternalStructure": "true"
},
{
"name": "NullTool2", 
"label": [1, 0.38, 100], 
"id": 10, 
"show": "true", 
"internalStructure":  [ ], 
"showInternalStructure": "true"
},
{
"name": "DragTracker1", 
"label": [1, 41.45, 100], 
"id": 11, 
"show": "true", 
"internalStructure":  [ ], 
"showInternalStructure": "true"
},
{
"name": "SelectAreaTracker1", 
"label": [0,0,0], 
"id": 12, 
"show": "true", 
"internalStructure":  [ ], 
"showInternalStructure": "true"
},
{
"name": "StandardRubberBandSelectionStrategy1", 
"label": [1, 0.38, 100], 
"id": 13, 
"show": "true", 
"internalStructure":  [ ], 
"showInternalStructure": "true"
},
{
"name": "ImageFigure1", 
"label": [1, 0.38, 100], 
"id": 14, 
"show": "true", 
"internalStructure":  [ ], 
"showInternalStructure": "true"
},
{
"name": "ImageFigure2", 
"label": [1, 0.38, 100], 
"id": 15, 
"show": "true", 
"internalStructure":  [ ], 
"showInternalStructure": "true"
},
{
"name": "ImageFigure3", 
"label": [1, 0.38, 100], 
"id": 16, 
"show": "true", 
"internalStructure":  [ ], 
"showInternalStructure": "true"
},
{
"name": "ImageFigure4", 
"label": [1, 0.38, 100], 
"id": 17, 
"show": "true", 
"internalStructure":  [ ], 
"showInternalStructure": "true"
},
{
"name": "ImageFigure5", 
"label": [1, 0.38, 100], 
"id": 18, 
"show": "true", 
"internalStructure":  [ ], 
"showInternalStructure": "true"
},
{
"name": "ImageFigure6", 
"label": [1, 0.38, 100], 
"id": 19, 
"show": "true", 
"internalStructure":  [ ], 
"showInternalStructure": "true"
},
{
"name": "ImageFigure7", 
"label": [1, 0.38, 100], 
"id": 20, 
"show": "true", 
"internalStructure":  [ ], 
"showInternalStructure": "true"
},
{
"name": "ImageFigure8", 
"label": [1, 0.38, 100], 
"id": 21, 
"show": "true", 
"internalStructure":  [ ], 
"showInternalStructure": "true"
},
{
"name": "ImageFigure9", 
"label": [1, 0.38, 100], 
"id": 22, 
"show": "true", 
"internalStructure":  [ ], 
"showInternalStructure": "true"
}
],
"links": [
{
"source": 1, 
"target": 2, 
"type": "factory"
},
{
"source": 1, 
"target": 3, 
"type": "fImageManager"
},
{
"source": 3, 
"target": 3, 
"type": "singleton"
},
{
"source": 1, 
"target": 4, 
"type": "fTool"
},
{
"source": 1, 
"target": 5, 
"type": "fDrawing"
},
{
"source": 5, 
"target": 6, 
"type": "selectionHandler"
},
{
"source": 5, 
"target": 7, 
"type": "listenerHandler"
},
{
"source": 1, 
"target": 8, 
"type": "fView"
},
{
"source": 1, 
"target": 9, 
"type": "fTool"
},
{
"source": 9, 
"target": 10, 
"type": "cachedNullTool"
},
{
"source": 9, 
"target": 11, 
"type": "fChild"
},
{
"source": 9, 
"target": 12, 
"type": "fChild"
},
{
"source": 9, 
"target": 13, 
"type": "selectionStrategy"
},
{
"source": 5, 
"target": 14, 
"type": "fFigures"
},
{
"source": 5, 
"target": 15, 
"type": "fFigures"
},
{
"source": 5, 
"target": 16, 
"type": "fFigures"
},
{
"source": 5, 
"target": 17, 
"type": "fFigures"
},
{
"source": 5, 
"target": 18, 
"type": "fFigures"
},
{
"source": 5, 
"target": 19, 
"type": "fFigures"
},
{
"source": 5, 
"target": 20, 
"type": "fFigures"
},
{
"source": 5, 
"target": 21, 
"type": "fFigures"
},
{
"source": 5, 
"target": 22, 
"type": "fFigures"
}
]}
